age-when-first-had-anxiety-depression.csv,Share - Question: mh7b_2 - Age range when first felt anxious/depressed - Answer: Ages <13 - Gender: all - Age_group: all,1.2718359
age-when-first-had-anxiety-depression.csv,Share - Question: mh7b_2 - Age range when first felt anxious/depressed - Answer: Ages 13-19 - Gender: all - Age_group: all,14.229228
age-when-first-had-anxiety-depression.csv,Share - Question: mh7b_2 - Age range when first felt anxious/depressed - Answer: Ages 20-29 - Gender: all - Age_group: all,22.26465
age-when-first-had-anxiety-depression.csv,Share - Question: mh7b_2 - Age range when first felt anxious/depressed - Answer: Ages 30-39 - Gender: all - Age_group: all,16.80309
age-when-first-had-anxiety-depression.csv,Share - Question: mh7b_2 - Age range when first felt anxious/depressed - Answer: Ages â‰¥40 - Gender: all - Age_group: all,2.7064757
age-when-first-had-anxiety-depression.csv,Share - Question: mh7b_2 - Age range when first felt anxious/depressed - Answer: Don't know/Refused - Gender: all - Age_group: all,42.724724
age-when-first-had-anxiety-depression.csv,,
age-when-first-had-anxiety-depression.csv,,
age-when-first-had-anxiety-depression.csv,,
age-when-first-had-anxiety-depression.csv,,
age-when-first-had-anxiety-depression.csv,,
age-when-first-had-anxiety-depression.csv,,
age-when-first-had-anxiety-depression.csv,,
age-when-first-had-anxiety-depression.csv,,
age-when-first-had-anxiety-depression.csv,,
anorexia-bulimia-nervosa-estimated-cases.csv,"Current number of cases of anorexia nervosa,3909.439
anorexia-bulimia-nervosa-estimated-cases.csv, in both sexes aged all ages",9337.704
anorexia-bulimia-nervosa-estimated-cases.csv,"Current number of cases of bulimia nervosa,
anorexia-bulimia-nervosa-estimated-cases.csv, in both sexes aged all ages",
anorexia-bulimia-nervosa-estimated-cases.csv,,
anorexia-bulimia-nervosa-estimated-cases.csv,,
anorexia-bulimia-nervosa-estimated-cases.csv,,
anorexia-bulimia-nervosa-estimated-cases.csv,,
anorexia-bulimia-nervosa-estimated-cases.csv,,
anorexia-bulimia-nervosa-estimated-cases.csv,,
anorexia-bulimia-nervosa-estimated-cases.csv,,
anorexia-bulimia-nervosa-estimated-cases.csv,,
anorexia-bulimia-nervosa-estimated-cases.csv,,
anorexia-bulimia-nervosa-estimated-cases.csv,,
anorexia-bulimia-nervosa-estimated-cases.csv,,
anxiety-disorders-prevalence-by-age.csv,Anxiety disorders (share of population) - Sex: Both - Age: 5-14 years,3.7704387
anxiety-disorders-prevalence-by-age.csv,Anxiety disorders (share of population) - Sex: Both - Age: 15-19 years,6.723946
anxiety-disorders-prevalence-by-age.csv,Anxiety disorders (share of population) - Sex: Both - Age: 20-24 years,6.4692307
anxiety-disorders-prevalence-by-age.csv,Anxiety disorders (share of population) - Sex: Both - Age: 25-29 years,6.298056
anxiety-disorders-prevalence-by-age.csv,Anxiety disorders (share of population) - Sex: Both - Age: 30-34 years,6.090936
anxiety-disorders-prevalence-by-age.csv,Anxiety disorders (share of population) - Sex: Both - Age: 35-39 years,5.8744183
anxiety-disorders-prevalence-by-age.csv,Anxiety disorders (share of population) - Sex: Both - Age: 40-44 years,5.6096325
anxiety-disorders-prevalence-by-age.csv,Anxiety disorders (share of population) - Sex: Both - Age: 45-49 years,5.3020964
anxiety-disorders-prevalence-by-age.csv,Anxiety disorders (share of population) - Sex: Both - Age: 50-54 years,5.0031085
anxiety-disorders-prevalence-by-age.csv,Anxiety disorders (share of population) - Sex: Both - Age: 55-59 years,4.7126617
anxiety-disorders-prevalence-by-age.csv,Anxiety disorders (share of population) - Sex: Both - Age: 60-64 years,4.4166355
anxiety-disorders-prevalence-by-age.csv,Anxiety disorders (share of population) - Sex: Both - Age: 65-69 years,4.189779
anxiety-disorders-prevalence-by-age.csv,Anxiety disorders (share of population) - Sex: Both - Age: 70+ years,3.7497797
anxiety-disorders-prevalence-by-age.csv,Anxiety disorders (share of population) - Sex: Both - Age: All ages,4.2630115
anxiety-disorders-prevalence-by-age.csv,Anxiety disorders (share of population) - Sex: Both - Age: Age-standardized,4.713314
anxiety-disorders-prevalence-males-vs-females.csv,Anxiety disorders (share of population) - Sex: Male - Age: All ages,
anxiety-disorders-prevalence-males-vs-females.csv,Anxiety disorders (share of population) - Sex: Female - Age: Age-standardized,
anxiety-disorders-prevalence-males-vs-females.csv,Population (historical estimates),
anxiety-disorders-prevalence-males-vs-females.csv,Continent,Asia
anxiety-disorders-prevalence-males-vs-females.csv,,
anxiety-disorders-prevalence-males-vs-females.csv,,
anxiety-disorders-prevalence-males-vs-females.csv,,
anxiety-disorders-prevalence-males-vs-females.csv,,
anxiety-disorders-prevalence-males-vs-females.csv,,
anxiety-disorders-prevalence-males-vs-females.csv,,
anxiety-disorders-prevalence-males-vs-females.csv,,
anxiety-disorders-prevalence-males-vs-females.csv,,
anxiety-disorders-prevalence-males-vs-females.csv,,
anxiety-disorders-prevalence-males-vs-females.csv,,
anxiety-disorders-prevalence-males-vs-females.csv,,
anxiety-disorders-prevalence-vs-gdp.csv,Anxiety disorders (share of population) - Sex: Both - Age: Age-standardized,
anxiety-disorders-prevalence-vs-gdp.csv,"GDP per capita,
anxiety-disorders-prevalence-vs-gdp.csv, PPP (constant 2017 international $)",
anxiety-disorders-prevalence-vs-gdp.csv,Population (historical estimates),Asia
anxiety-disorders-prevalence-vs-gdp.csv,Continent,
anxiety-disorders-prevalence-vs-gdp.csv,,
anxiety-disorders-prevalence-vs-gdp.csv,,
anxiety-disorders-prevalence-vs-gdp.csv,,
anxiety-disorders-prevalence-vs-gdp.csv,,
anxiety-disorders-prevalence-vs-gdp.csv,,
anxiety-disorders-prevalence-vs-gdp.csv,,
anxiety-disorders-prevalence-vs-gdp.csv,,
anxiety-disorders-prevalence-vs-gdp.csv,,
anxiety-disorders-prevalence-vs-gdp.csv,,
anxiety-disorders-prevalence-vs-gdp.csv,,
anxiety-disorders-prevalence.csv,Anxiety disorders (share of population) - Sex: Both - Age: Age-standardized,4.713314
anxiety-disorders-prevalence.csv,,
anxiety-disorders-prevalence.csv,,
anxiety-disorders-prevalence.csv,,
anxiety-disorders-prevalence.csv,,
anxiety-disorders-prevalence.csv,,
anxiety-disorders-prevalence.csv,,
anxiety-disorders-prevalence.csv,,
anxiety-disorders-prevalence.csv,,
anxiety-disorders-prevalence.csv,,
anxiety-disorders-prevalence.csv,,
anxiety-disorders-prevalence.csv,,
anxiety-disorders-prevalence.csv,,
anxiety-disorders-prevalence.csv,,
anxiety-disorders-prevalence.csv,,
anxiety-disorders-treatment-gap.csv,"Potentially adequate treatment,12
anxiety-disorders-treatment-gap.csv, conditional",18
anxiety-disorders-treatment-gap.csv,"Other treatments,70
anxiety-disorders-treatment-gap.csv, conditional",
anxiety-disorders-treatment-gap.csv,"Untreated,
anxiety-disorders-treatment-gap.csv, conditional",
anxiety-disorders-treatment-gap.csv,,
anxiety-disorders-treatment-gap.csv,,
anxiety-disorders-treatment-gap.csv,,
anxiety-disorders-treatment-gap.csv,,
anxiety-disorders-treatment-gap.csv,,
anxiety-disorders-treatment-gap.csv,,
anxiety-disorders-treatment-gap.csv,,
anxiety-disorders-treatment-gap.csv,,
anxiety-disorders-treatment-gap.csv,,
bipolar-disorder-prevalence-by-age.csv,Bipolar disorders (share of population) - Sex: Both - Age: 5-14 years,0.12623495
bipolar-disorder-prevalence-by-age.csv,Bipolar disorders (share of population) - Sex: Both - Age: 15-19 years,0.94531727
bipolar-disorder-prevalence-by-age.csv,Bipolar disorders (share of population) - Sex: Both - Age: 20-24 years,1.0977943
bipolar-disorder-prevalence-by-age.csv,Bipolar disorders (share of population) - Sex: Both - Age: 25-29 years,1.0653704
bipolar-disorder-prevalence-by-age.csv,Bipolar disorders (share of population) - Sex: Both - Age: 30-34 years,1.0010751
bipolar-disorder-prevalence-by-age.csv,Bipolar disorders (share of population) - Sex: Both - Age: 35-39 years,0.98484
bipolar-disorder-prevalence-by-age.csv,Bipolar disorders (share of population) - Sex: Both - Age: 40-44 years,1.0055501
bipolar-disorder-prevalence-by-age.csv,Bipolar disorders (share of population) - Sex: Both - Age: 45-49 years,1.0077701
bipolar-disorder-prevalence-by-age.csv,Bipolar disorders (share of population) - Sex: Both - Age: 50-54 years,0.98523384
bipolar-disorder-prevalence-by-age.csv,Bipolar disorders (share of population) - Sex: Both - Age: 55-59 years,0.936133
bipolar-disorder-prevalence-by-age.csv,Bipolar disorders (share of population) - Sex: Both - Age: 60-64 years,0.8656053
bipolar-disorder-prevalence-by-age.csv,Bipolar disorders (share of population) - Sex: Both - Age: 65-69 years,0.7683746
bipolar-disorder-prevalence-by-age.csv,Bipolar disorders (share of population) - Sex: Both - Age: 70+ years,0.55491835
bipolar-disorder-prevalence-by-age.csv,Bipolar disorders (share of population) - Sex: Both - Age: All ages,0.57748395
bipolar-disorder-prevalence-by-age.csv,Bipolar disorders (share of population) - Sex: Both - Age: Age-standardized,0.70302314
bipolar-disorder-prevalence-males-vs-females.csv,Bipolar disorders (share of population) - Sex: Male - Age: Age-standardized,
bipolar-disorder-prevalence-males-vs-females.csv,Bipolar disorders (share of population) - Sex: Female - Age: Age-standardized,
bipolar-disorder-prevalence-males-vs-females.csv,Population (historical estimates),
bipolar-disorder-prevalence-males-vs-females.csv,Continent,Asia
bipolar-disorder-prevalence-males-vs-females.csv,,
bipolar-disorder-prevalence-males-vs-females.csv,,
bipolar-disorder-prevalence-males-vs-females.csv,,
bipolar-disorder-prevalence-males-vs-females.csv,,
bipolar-disorder-prevalence-males-vs-females.csv,,
bipolar-disorder-prevalence-males-vs-females.csv,,
bipolar-disorder-prevalence-males-vs-females.csv,,
bipolar-disorder-prevalence-males-vs-females.csv,,
bipolar-disorder-prevalence-males-vs-females.csv,,
bipolar-disorder-prevalence-males-vs-females.csv,,
bipolar-disorder-prevalence-males-vs-females.csv,,
bipolar-disorder-prevalence.csv,Bipolar disorders (share of population) - Sex: Both - Age: Age-standardized,0.70302314
bipolar-disorder-prevalence.csv,,
bipolar-disorder-prevalence.csv,,
bipolar-disorder-prevalence.csv,,
bipolar-disorder-prevalence.csv,,
bipolar-disorder-prevalence.csv,,
bipolar-disorder-prevalence.csv,,
bipolar-disorder-prevalence.csv,,
bipolar-disorder-prevalence.csv,,
bipolar-disorder-prevalence.csv,,
bipolar-disorder-prevalence.csv,,
bipolar-disorder-prevalence.csv,,
bipolar-disorder-prevalence.csv,,
bipolar-disorder-prevalence.csv,,
bipolar-disorder-prevalence.csv,,
comfort-speaking-vs-knowing-friends-family-with-anxiety-depression.csv,Share - Question: mh6 - Friends/family have been anxious/depressed - Answer: Yes - Gender: all - Age_group: all,
comfort-speaking-vs-knowing-friends-family-with-anxiety-depression.csv,Share - Question: mh5 - Someone local comfortable speaking about anxiety/depression with someone they know - Answer: Very comfortable - Gender: all - Age_group: all,
comfort-speaking-vs-knowing-friends-family-with-anxiety-depression.csv,Population,
comfort-speaking-vs-knowing-friends-family-with-anxiety-depression.csv,Continent,Asia
comfort-speaking-vs-knowing-friends-family-with-anxiety-depression.csv,,
comfort-speaking-vs-knowing-friends-family-with-anxiety-depression.csv,,
comfort-speaking-vs-knowing-friends-family-with-anxiety-depression.csv,,
comfort-speaking-vs-knowing-friends-family-with-anxiety-depression.csv,,
comfort-speaking-vs-knowing-friends-family-with-anxiety-depression.csv,,
comfort-speaking-vs-knowing-friends-family-with-anxiety-depression.csv,,
comfort-speaking-vs-knowing-friends-family-with-anxiety-depression.csv,,
comfort-speaking-vs-knowing-friends-family-with-anxiety-depression.csv,,
comfort-speaking-vs-knowing-friends-family-with-anxiety-depression.csv,,
comfort-speaking-vs-knowing-friends-family-with-anxiety-depression.csv,,
comfort-speaking-vs-knowing-friends-family-with-anxiety-depression.csv,,
dealing-with-anxiety-depression-approaches.csv,Share - Question: mh8b - Engaged in religious/spiritual activities when anxious/depressed - Answer: Yes - Gender: all - Age_group: all,63.71511
dealing-with-anxiety-depression-approaches.csv,Share - Question: mh8e - Improved healthy lifestyle behaviors when anxious/depressed - Answer: Yes - Gender: all - Age_group: all,66.226456
dealing-with-anxiety-depression-approaches.csv,Share - Question: mh8f - Made a change to work situation when anxious/depressed - Answer: Yes - Gender: all - Age_group: all,47.92869
dealing-with-anxiety-depression-approaches.csv,Share - Question: mh8g - Made a change to personal relationships when anxious/depressed - Answer: Yes - Gender: all - Age_group: all,63.704567
dealing-with-anxiety-depression-approaches.csv,Share - Question: mh8c - Talked to friends or family when anxious/depressed - Answer: Yes - Gender: all - Age_group: all,79.290146
dealing-with-anxiety-depression-approaches.csv,Share - Question: mh8d - Took prescribed medication when anxious/depressed - Answer: Yes - Gender: all - Age_group: all,39.97995
dealing-with-anxiety-depression-approaches.csv,Share - Question: mh8h - Spent time in nature/the outdoors when anxious/depressed - Answer: Yes - Gender: all - Age_group: all,55.857964
dealing-with-anxiety-depression-approaches.csv,Share - Question: mh8a - Talked to mental health professional when anxious/depressed - Answer: Yes - Gender: all - Age_group: all,25.937761
dealing-with-anxiety-depression-approaches.csv,,
dealing-with-anxiety-depression-approaches.csv,,
dealing-with-anxiety-depression-approaches.csv,,
dealing-with-anxiety-depression-approaches.csv,,
dealing-with-anxiety-depression-approaches.csv,,
dealing-with-anxiety-depression-approaches.csv,,
dealing-with-anxiety-depression-approaches.csv,,
dealing-with-anxiety-depression-comparison.csv,Share - Question: mh8b - Engaged in religious/spiritual activities when anxious/depressed - Answer: Yes - Gender: all - Age_group: all,63.71511
dealing-with-anxiety-depression-comparison.csv,Share - Question: mh8e - Improved healthy lifestyle behaviors when anxious/depressed - Answer: Yes - Gender: all - Age_group: all,66.226456
dealing-with-anxiety-depression-comparison.csv,Share - Question: mh8f - Made a change to work situation when anxious/depressed - Answer: Yes - Gender: all - Age_group: all,47.92869
dealing-with-anxiety-depression-comparison.csv,Share - Question: mh8g - Made a change to personal relationships when anxious/depressed - Answer: Yes - Gender: all - Age_group: all,63.704567
dealing-with-anxiety-depression-comparison.csv,Share - Question: mh8c - Talked to friends or family when anxious/depressed - Answer: Yes - Gender: all - Age_group: all,79.290146
dealing-with-anxiety-depression-comparison.csv,Share - Question: mh8d - Took prescribed medication when anxious/depressed - Answer: Yes - Gender: all - Age_group: all,39.97995
dealing-with-anxiety-depression-comparison.csv,Share - Question: mh8h - Spent time in nature/the outdoors when anxious/depressed - Answer: Yes - Gender: all - Age_group: all,55.857964
dealing-with-anxiety-depression-comparison.csv,Share - Question: mh8a - Talked to mental health professional when anxious/depressed - Answer: Yes - Gender: all - Age_group: all,25.937761
dealing-with-anxiety-depression-comparison.csv,,
dealing-with-anxiety-depression-comparison.csv,,
dealing-with-anxiety-depression-comparison.csv,,
dealing-with-anxiety-depression-comparison.csv,,
dealing-with-anxiety-depression-comparison.csv,,
dealing-with-anxiety-depression-comparison.csv,,
dealing-with-anxiety-depression-comparison.csv,,
dealt-with-anxiety-depression-friends-family.csv,Share - Question: mh8c - Talked to friends or family when anxious/depressed - Answer: Yes - Gender: all - Age_group: all,79.290146
dealt-with-anxiety-depression-friends-family.csv,,
dealt-with-anxiety-depression-friends-family.csv,,
dealt-with-anxiety-depression-friends-family.csv,,
dealt-with-anxiety-depression-friends-family.csv,,
dealt-with-anxiety-depression-friends-family.csv,,
dealt-with-anxiety-depression-friends-family.csv,,
dealt-with-anxiety-depression-friends-family.csv,,
dealt-with-anxiety-depression-friends-family.csv,,
dealt-with-anxiety-depression-friends-family.csv,,
dealt-with-anxiety-depression-friends-family.csv,,
dealt-with-anxiety-depression-friends-family.csv,,
dealt-with-anxiety-depression-friends-family.csv,,
dealt-with-anxiety-depression-friends-family.csv,,
dealt-with-anxiety-depression-friends-family.csv,,
dealt-with-anxiety-depression-religious-spiritual.csv,Share - Question: mh8b - Engaged in religious/spiritual activities when anxious/depressed - Answer: Yes - Gender: all - Age_group: all,63.71511
dealt-with-anxiety-depression-religious-spiritual.csv,,
dealt-with-anxiety-depression-religious-spiritual.csv,,
dealt-with-anxiety-depression-religious-spiritual.csv,,
dealt-with-anxiety-depression-religious-spiritual.csv,,
dealt-with-anxiety-depression-religious-spiritual.csv,,
dealt-with-anxiety-depression-religious-spiritual.csv,,
dealt-with-anxiety-depression-religious-spiritual.csv,,
dealt-with-anxiety-depression-religious-spiritual.csv,,
dealt-with-anxiety-depression-religious-spiritual.csv,,
dealt-with-anxiety-depression-religious-spiritual.csv,,
dealt-with-anxiety-depression-religious-spiritual.csv,,
dealt-with-anxiety-depression-religious-spiritual.csv,,
dealt-with-anxiety-depression-religious-spiritual.csv,,
dealt-with-anxiety-depression-religious-spiritual.csv,,
dealt-with-anxiety-depression-took-prescribed-medication.csv,Share - Question: mh8d - Took prescribed medication when anxious/depressed - Answer: Yes - Gender: all - Age_group: all,39.97995
dealt-with-anxiety-depression-took-prescribed-medication.csv,,
dealt-with-anxiety-depression-took-prescribed-medication.csv,,
dealt-with-anxiety-depression-took-prescribed-medication.csv,,
dealt-with-anxiety-depression-took-prescribed-medication.csv,,
dealt-with-anxiety-depression-took-prescribed-medication.csv,,
dealt-with-anxiety-depression-took-prescribed-medication.csv,,
dealt-with-anxiety-depression-took-prescribed-medication.csv,,
dealt-with-anxiety-depression-took-prescribed-medication.csv,,
dealt-with-anxiety-depression-took-prescribed-medication.csv,,
dealt-with-anxiety-depression-took-prescribed-medication.csv,,
dealt-with-anxiety-depression-took-prescribed-medication.csv,,
dealt-with-anxiety-depression-took-prescribed-medication.csv,,
dealt-with-anxiety-depression-took-prescribed-medication.csv,,
dealt-with-anxiety-depression-took-prescribed-medication.csv,,
death-rates-from-mental-and-substance-disorders-by-age-who.csv,"Death rate per 100,0
death-rates-from-mental-and-substance-disorders-by-age-who.csv,000 people - Cause: Mental and substance use disorders - Sex: Both sexes - Age_group: YEARS0-4",0
death-rates-from-mental-and-substance-disorders-by-age-who.csv,"Death rate per 100,1.9796127
death-rates-from-mental-and-substance-disorders-by-age-who.csv,000 people - Cause: Mental and substance use disorders - Sex: Both sexes - Age_group: YEARS5-14",4.035046
death-rates-from-mental-and-substance-disorders-by-age-who.csv,"Death rate per 100,6.168589
death-rates-from-mental-and-substance-disorders-by-age-who.csv,000 people - Cause: Mental and substance use disorders - Sex: Both sexes - Age_group: YEARS15-49",1.12
death-rates-from-mental-and-substance-disorders-by-age-who.csv,"Death rate per 100,
death-rates-from-mental-and-substance-disorders-by-age-who.csv,000 people - Cause: Mental and substance use disorders - Sex: Both sexes - Age_group: YEARS50-69",
death-rates-from-mental-and-substance-disorders-by-age-who.csv,"Death rate per 100,
death-rates-from-mental-and-substance-disorders-by-age-who.csv,000 people - Cause: Mental and substance use disorders - Sex: Both sexes - Age_group: YEARS70+",
death-rates-from-mental-and-substance-disorders-by-age-who.csv,"Death rate per 100,
death-rates-from-mental-and-substance-disorders-by-age-who.csv,000 people - Cause: Mental and substance use disorders - Sex: Both sexes - Age_group: ALLAges",
death-rates-from-mental-and-substance-disorders-by-age-who.csv,,
death-rates-from-mental-and-substance-disorders-by-age-who.csv,,
death-rates-from-mental-and-substance-disorders-by-age-who.csv,,
depressive-disorders-prevalence-by-age.csv,Depressive disorders (share of population) - Sex: Both - Age: 5-14 years,0.9059628
depressive-disorders-prevalence-by-age.csv,Depressive disorders (share of population) - Sex: Both - Age: 15-19 years,4.3475633
depressive-disorders-prevalence-by-age.csv,Depressive disorders (share of population) - Sex: Both - Age: 20-24 years,6.0748014
depressive-disorders-prevalence-by-age.csv,Depressive disorders (share of population) - Sex: Both - Age: 25-29 years,6.706133
depressive-disorders-prevalence-by-age.csv,Depressive disorders (share of population) - Sex: Both - Age: 30-34 years,7.296537
depressive-disorders-prevalence-by-age.csv,Depressive disorders (share of population) - Sex: Both - Age: 35-39 years,8.066108
depressive-disorders-prevalence-by-age.csv,Depressive disorders (share of population) - Sex: Both - Age: 40-44 years,8.366741
depressive-disorders-prevalence-by-age.csv,Depressive disorders (share of population) - Sex: Both - Age: 45-49 years,7.9650507
depressive-disorders-prevalence-by-age.csv,Depressive disorders (share of population) - Sex: Both - Age: 50-54 years,7.50624
depressive-disorders-prevalence-by-age.csv,Depressive disorders (share of population) - Sex: Both - Age: 55-59 years,7.04701
depressive-disorders-prevalence-by-age.csv,Depressive disorders (share of population) - Sex: Both - Age: 60-64 years,6.6142545
depressive-disorders-prevalence-by-age.csv,Depressive disorders (share of population) - Sex: Both - Age: 65-69 years,6.2350993
depressive-disorders-prevalence-by-age.csv,Depressive disorders (share of population) - Sex: Both - Age: 70+ years,5.5845056
depressive-disorders-prevalence-by-age.csv,Depressive disorders (share of population) - Sex: Both - Age: All ages,3.8518453
depressive-disorders-prevalence-by-age.csv,Depressive disorders (share of population) - Sex: Both - Age: Age-standardized,4.996118
depressive-disorders-prevalence-ihme-vs-who.csv,Depressive disorders (share of population) - Sex: Both - Age: Age-standardized,
depressive-disorders-prevalence-ihme-vs-who.csv,Indicator:Estimated population-based prevalence of depression,
depressive-disorders-prevalence-ihme-vs-who.csv,Population (historical estimates),
depressive-disorders-prevalence-ihme-vs-who.csv,Continent,Asia
depressive-disorders-prevalence-ihme-vs-who.csv,,
depressive-disorders-prevalence-ihme-vs-who.csv,,
depressive-disorders-prevalence-ihme-vs-who.csv,,
depressive-disorders-prevalence-ihme-vs-who.csv,,
depressive-disorders-prevalence-ihme-vs-who.csv,,
depressive-disorders-prevalence-ihme-vs-who.csv,,
depressive-disorders-prevalence-ihme-vs-who.csv,,
depressive-disorders-prevalence-ihme-vs-who.csv,,
depressive-disorders-prevalence-ihme-vs-who.csv,,
depressive-disorders-prevalence-ihme-vs-who.csv,,
depressive-disorders-prevalence-ihme-vs-who.csv,,
depressive-disorders-prevalence-ihme.csv,Depressive disorders (share of population) - Sex: Both - Age: Age-standardized,4.996118
depressive-disorders-prevalence-ihme.csv,,
depressive-disorders-prevalence-ihme.csv,,
depressive-disorders-prevalence-ihme.csv,,
depressive-disorders-prevalence-ihme.csv,,
depressive-disorders-prevalence-ihme.csv,,
depressive-disorders-prevalence-ihme.csv,,
depressive-disorders-prevalence-ihme.csv,,
depressive-disorders-prevalence-ihme.csv,,
depressive-disorders-prevalence-ihme.csv,,
depressive-disorders-prevalence-ihme.csv,,
depressive-disorders-prevalence-ihme.csv,,
depressive-disorders-prevalence-ihme.csv,,
depressive-disorders-prevalence-ihme.csv,,
depressive-disorders-prevalence-ihme.csv,,
depressive-disorders-prevalence-males-vs-females.csv,Depressive disorders (share of population) - Sex: Male - Age: Age-standardized,
depressive-disorders-prevalence-males-vs-females.csv,Depressive disorders (share of population) - Sex: Female - Age: Age-standardized,
depressive-disorders-prevalence-males-vs-females.csv,Population (historical estimates),
depressive-disorders-prevalence-males-vs-females.csv,Continent,Asia
depressive-disorders-prevalence-males-vs-females.csv,,
depressive-disorders-prevalence-males-vs-females.csv,,
depressive-disorders-prevalence-males-vs-females.csv,,
depressive-disorders-prevalence-males-vs-females.csv,,
depressive-disorders-prevalence-males-vs-females.csv,,
depressive-disorders-prevalence-males-vs-females.csv,,
depressive-disorders-prevalence-males-vs-females.csv,,
depressive-disorders-prevalence-males-vs-females.csv,,
depressive-disorders-prevalence-males-vs-females.csv,,
depressive-disorders-prevalence-males-vs-females.csv,,
depressive-disorders-prevalence-males-vs-females.csv,,
depressive-disorders-prevalence-vs-gdp-per-capita.csv,Depressive disorders (share of population) - Sex: Both - Age: Age-standardized,
depressive-disorders-prevalence-vs-gdp-per-capita.csv,"GDP per capita,
depressive-disorders-prevalence-vs-gdp-per-capita.csv, PPP (constant 2017 international $)",Asia
depressive-disorders-prevalence-vs-gdp-per-capita.csv,Continent,
depressive-disorders-prevalence-vs-gdp-per-capita.csv,,
depressive-disorders-prevalence-vs-gdp-per-capita.csv,,
depressive-disorders-prevalence-vs-gdp-per-capita.csv,,
depressive-disorders-prevalence-vs-gdp-per-capita.csv,,
depressive-disorders-prevalence-vs-gdp-per-capita.csv,,
depressive-disorders-prevalence-vs-gdp-per-capita.csv,,
depressive-disorders-prevalence-vs-gdp-per-capita.csv,,
depressive-disorders-prevalence-vs-gdp-per-capita.csv,,
depressive-disorders-prevalence-vs-gdp-per-capita.csv,,
depressive-disorders-prevalence-vs-gdp-per-capita.csv,,
depressive-disorders-prevalence-vs-gdp-per-capita.csv,,
depressive-symptoms-across-us-population.csv,Nearly every day,4.6
depressive-symptoms-across-us-population.csv,More than half the days,5.1
depressive-symptoms-across-us-population.csv,Several days,15.5
depressive-symptoms-across-us-population.csv,Not at all,74.8
depressive-symptoms-across-us-population.csv,,
depressive-symptoms-across-us-population.csv,,
depressive-symptoms-across-us-population.csv,,
depressive-symptoms-across-us-population.csv,,
depressive-symptoms-across-us-population.csv,,
depressive-symptoms-across-us-population.csv,,
depressive-symptoms-across-us-population.csv,,
depressive-symptoms-across-us-population.csv,,
depressive-symptoms-across-us-population.csv,,
depressive-symptoms-across-us-population.csv,,
depressive-symptoms-across-us-population.csv,,
discomfort-speaking-anxiety-depression-by-gender.csv,Share - Question: mh5 - Someone local comfortable speaking about anxiety/depression with someone they know - Answer: Not at all comfortable - Gender: male - Age_group: all,
discomfort-speaking-anxiety-depression-by-gender.csv,Share - Question: mh5 - Someone local comfortable speaking about anxiety/depression with someone they know - Answer: Not at all comfortable - Gender: female - Age_group: all,
discomfort-speaking-anxiety-depression-by-gender.csv,Population,
discomfort-speaking-anxiety-depression-by-gender.csv,Continent,Asia
discomfort-speaking-anxiety-depression-by-gender.csv,,
discomfort-speaking-anxiety-depression-by-gender.csv,,
discomfort-speaking-anxiety-depression-by-gender.csv,,
discomfort-speaking-anxiety-depression-by-gender.csv,,
discomfort-speaking-anxiety-depression-by-gender.csv,,
discomfort-speaking-anxiety-depression-by-gender.csv,,
discomfort-speaking-anxiety-depression-by-gender.csv,,
discomfort-speaking-anxiety-depression-by-gender.csv,,
discomfort-speaking-anxiety-depression-by-gender.csv,,
discomfort-speaking-anxiety-depression-by-gender.csv,,
discomfort-speaking-anxiety-depression-by-gender.csv,,
discomfort-speaking-anxiety-depression.csv,Share - Question: mh5 - Someone local comfortable speaking about anxiety/depression with someone they know - Answer: Not at all comfortable - Gender: all - Age_group: all,26.631048
discomfort-speaking-anxiety-depression.csv,,
discomfort-speaking-anxiety-depression.csv,,
discomfort-speaking-anxiety-depression.csv,,
discomfort-speaking-anxiety-depression.csv,,
discomfort-speaking-anxiety-depression.csv,,
discomfort-speaking-anxiety-depression.csv,,
discomfort-speaking-anxiety-depression.csv,,
discomfort-speaking-anxiety-depression.csv,,
discomfort-speaking-anxiety-depression.csv,,
discomfort-speaking-anxiety-depression.csv,,
discomfort-speaking-anxiety-depression.csv,,
discomfort-speaking-anxiety-depression.csv,,
discomfort-speaking-anxiety-depression.csv,,
discomfort-speaking-anxiety-depression.csv,,
eating-disorders-prevalence-by-age.csv,,
eating-disorders-prevalence-by-age.csv,,
eating-disorders-prevalence-by-age.csv,,
eating-disorders-prevalence-by-age.csv,,
eating-disorders-prevalence-by-age.csv,,
eating-disorders-prevalence-by-age.csv,,
eating-disorders-prevalence-by-age.csv,,
eating-disorders-prevalence-by-age.csv,,
eating-disorders-prevalence-by-age.csv,,
eating-disorders-prevalence-by-age.csv,,
eating-disorders-prevalence-by-age.csv,,
eating-disorders-prevalence-by-age.csv,,
eating-disorders-prevalence-by-age.csv,,
eating-disorders-prevalence-by-age.csv,,
eating-disorders-prevalence-by-age.csv,,
eating-disorders-prevalence-males-vs-females.csv,Eating disorders (share of population) - Sex: Male - Age: Age-standardized,
eating-disorders-prevalence-males-vs-females.csv,Eating disorders (share of population) - Sex: Female - Age: Age-standardized,
eating-disorders-prevalence-males-vs-females.csv,Population (historical estimates),
eating-disorders-prevalence-males-vs-females.csv,Continent,Asia
eating-disorders-prevalence-males-vs-females.csv,,
eating-disorders-prevalence-males-vs-females.csv,,
eating-disorders-prevalence-males-vs-females.csv,,
eating-disorders-prevalence-males-vs-females.csv,,
eating-disorders-prevalence-males-vs-females.csv,,
eating-disorders-prevalence-males-vs-females.csv,,
eating-disorders-prevalence-males-vs-females.csv,,
eating-disorders-prevalence-males-vs-females.csv,,
eating-disorders-prevalence-males-vs-females.csv,,
eating-disorders-prevalence-males-vs-females.csv,,
eating-disorders-prevalence-males-vs-females.csv,,
eating-disorders-prevalence.csv,Eating disorders (share of population) - Sex: Both - Age: Age-standardized,0.12770003
eating-disorders-prevalence.csv,,
eating-disorders-prevalence.csv,,
eating-disorders-prevalence.csv,,
eating-disorders-prevalence.csv,,
eating-disorders-prevalence.csv,,
eating-disorders-prevalence.csv,,
eating-disorders-prevalence.csv,,
eating-disorders-prevalence.csv,,
eating-disorders-prevalence.csv,,
eating-disorders-prevalence.csv,,
eating-disorders-prevalence.csv,,
eating-disorders-prevalence.csv,,
eating-disorders-prevalence.csv,,
eating-disorders-prevalence.csv,,
estimated-prevalence-vs-burden-mental-illnesses.csv,Prevalence (share of population),3.7915852
estimated-prevalence-vs-burden-mental-illnesses.csv,DALYs (rate),360.547
estimated-prevalence-vs-burden-mental-illnesses.csv,,
estimated-prevalence-vs-burden-mental-illnesses.csv,,
estimated-prevalence-vs-burden-mental-illnesses.csv,,
estimated-prevalence-vs-burden-mental-illnesses.csv,,
estimated-prevalence-vs-burden-mental-illnesses.csv,,
estimated-prevalence-vs-burden-mental-illnesses.csv,,
estimated-prevalence-vs-burden-mental-illnesses.csv,,
estimated-prevalence-vs-burden-mental-illnesses.csv,,
estimated-prevalence-vs-burden-mental-illnesses.csv,,
estimated-prevalence-vs-burden-mental-illnesses.csv,,
estimated-prevalence-vs-burden-mental-illnesses.csv,,
estimated-prevalence-vs-burden-mental-illnesses.csv,,
estimated-prevalence-vs-burden-mental-illnesses.csv,,
example_values.csv,,
example_values.csv,,
example_values.csv,,
example_values.csv,,
example_values.csv,,
example_values.csv,,
example_values.csv,,
example_values.csv,,
example_values.csv,,
example_values.csv,,
example_values.csv,,
example_values.csv,,
example_values.csv,,
example_values.csv,,
example_values.csv,,
experienced-calmness-a-lot-of-the-day-yesterday-by-age.csv,Experience Calmness Yesterday - Dimension: (Age?) 15-24 - Answer: Yes,74.63906
experienced-calmness-a-lot-of-the-day-yesterday-by-age.csv,Experience Calmness Yesterday - Dimension: (Age?) 25-34 - Answer: Yes,67.55762
experienced-calmness-a-lot-of-the-day-yesterday-by-age.csv,Experience Calmness Yesterday - Dimension: (Age?) 35-44 - Answer: Yes,67.50051
experienced-calmness-a-lot-of-the-day-yesterday-by-age.csv,Experience Calmness Yesterday - Dimension: (Age?) 45-64 - Answer: Yes,70.78847
experienced-calmness-a-lot-of-the-day-yesterday-by-age.csv,Experience Calmness Yesterday - Dimension: (Age?) 65+ - Answer: Yes,76.11914
experienced-calmness-a-lot-of-the-day-yesterday-by-age.csv,,
experienced-calmness-a-lot-of-the-day-yesterday-by-age.csv,,
experienced-calmness-a-lot-of-the-day-yesterday-by-age.csv,,
experienced-calmness-a-lot-of-the-day-yesterday-by-age.csv,,
experienced-calmness-a-lot-of-the-day-yesterday-by-age.csv,,
experienced-calmness-a-lot-of-the-day-yesterday-by-age.csv,,
experienced-calmness-a-lot-of-the-day-yesterday-by-age.csv,,
experienced-calmness-a-lot-of-the-day-yesterday-by-age.csv,,
experienced-calmness-a-lot-of-the-day-yesterday-by-age.csv,,
experienced-calmness-a-lot-of-the-day-yesterday-by-age.csv,,
experienced-calmness-a-lot-of-the-day-yesterday-by-gender.csv,Experience Calmness Yesterday - Dimension: (Gender?) Male - Answer: Yes,
experienced-calmness-a-lot-of-the-day-yesterday-by-gender.csv,Experience Calmness Yesterday - Dimension: (Gender?) Female - Answer: Yes,
experienced-calmness-a-lot-of-the-day-yesterday-by-gender.csv,Population,
experienced-calmness-a-lot-of-the-day-yesterday-by-gender.csv,Continent,Asia
experienced-calmness-a-lot-of-the-day-yesterday-by-gender.csv,,
experienced-calmness-a-lot-of-the-day-yesterday-by-gender.csv,,
experienced-calmness-a-lot-of-the-day-yesterday-by-gender.csv,,
experienced-calmness-a-lot-of-the-day-yesterday-by-gender.csv,,
experienced-calmness-a-lot-of-the-day-yesterday-by-gender.csv,,
experienced-calmness-a-lot-of-the-day-yesterday-by-gender.csv,,
experienced-calmness-a-lot-of-the-day-yesterday-by-gender.csv,,
experienced-calmness-a-lot-of-the-day-yesterday-by-gender.csv,,
experienced-calmness-a-lot-of-the-day-yesterday-by-gender.csv,,
experienced-calmness-a-lot-of-the-day-yesterday-by-gender.csv,,
experienced-calmness-a-lot-of-the-day-yesterday-by-gender.csv,,
extremely-important-fund-research-anxiety-depression-vs-gdp-per-capita.csv,Share - Question: mh4b - Important for national government to fund research on anxiety/depression - Answer: Extremely important - Gender: all - Age_group: all,
extremely-important-fund-research-anxiety-depression-vs-gdp-per-capita.csv,"GDP per capita,
extremely-important-fund-research-anxiety-depression-vs-gdp-per-capita.csv, PPP (constant 2017 international $)",
extremely-important-fund-research-anxiety-depression-vs-gdp-per-capita.csv,Population (historical estimates),Asia
extremely-important-fund-research-anxiety-depression-vs-gdp-per-capita.csv,Continent,
extremely-important-fund-research-anxiety-depression-vs-gdp-per-capita.csv,,
extremely-important-fund-research-anxiety-depression-vs-gdp-per-capita.csv,,
extremely-important-fund-research-anxiety-depression-vs-gdp-per-capita.csv,,
extremely-important-fund-research-anxiety-depression-vs-gdp-per-capita.csv,,
extremely-important-fund-research-anxiety-depression-vs-gdp-per-capita.csv,,
extremely-important-fund-research-anxiety-depression-vs-gdp-per-capita.csv,,
extremely-important-fund-research-anxiety-depression-vs-gdp-per-capita.csv,,
extremely-important-fund-research-anxiety-depression-vs-gdp-per-capita.csv,,
extremely-important-fund-research-anxiety-depression-vs-gdp-per-capita.csv,,
extremely-important-fund-research-anxiety-depression-vs-gdp-per-capita.csv,,
friends-family-anxious-depressed.csv,Share - Question: mh6 - Friends/family have been anxious/depressed - Answer: Yes - Gender: all - Age_group: all,33.484043
friends-family-anxious-depressed.csv,,
friends-family-anxious-depressed.csv,,
friends-family-anxious-depressed.csv,,
friends-family-anxious-depressed.csv,,
friends-family-anxious-depressed.csv,,
friends-family-anxious-depressed.csv,,
friends-family-anxious-depressed.csv,,
friends-family-anxious-depressed.csv,,
friends-family-anxious-depressed.csv,,
friends-family-anxious-depressed.csv,,
friends-family-anxious-depressed.csv,,
friends-family-anxious-depressed.csv,,
friends-family-anxious-depressed.csv,,
friends-family-anxious-depressed.csv,,
get_example_values.sh,#!/bin/sh,
get_example_values.sh,#!/bin/sh,
get_example_values.sh,#!/bin/sh,
get_example_values.sh,#!/bin/sh,
get_example_values.sh,#!/bin/sh,
get_example_values.sh,#!/bin/sh,
get_example_values.sh,#!/bin/sh,
get_example_values.sh,#!/bin/sh,
get_example_values.sh,#!/bin/sh,
get_example_values.sh,#!/bin/sh,
get_example_values.sh,#!/bin/sh,
get_example_values.sh,#!/bin/sh,
get_example_values.sh,#!/bin/sh,
get_example_values.sh,#!/bin/sh,
get_example_values.sh,#!/bin/sh,
importance-government-funding-research-anxiety-depression.csv,,
importance-government-funding-research-anxiety-depression.csv,,
importance-government-funding-research-anxiety-depression.csv,,
importance-government-funding-research-anxiety-depression.csv,,
importance-government-funding-research-anxiety-depression.csv,,
importance-government-funding-research-anxiety-depression.csv,,
importance-government-funding-research-anxiety-depression.csv,,
importance-government-funding-research-anxiety-depression.csv,,
importance-government-funding-research-anxiety-depression.csv,,
importance-government-funding-research-anxiety-depression.csv,,
importance-government-funding-research-anxiety-depression.csv,,
importance-government-funding-research-anxiety-depression.csv,,
importance-government-funding-research-anxiety-depression.csv,,
importance-government-funding-research-anxiety-depression.csv,,
importance-government-funding-research-anxiety-depression.csv,,
importance-science-treating-anxiety-depression.csv,Share - Question: mh3b - How much science helps to treat anxiety or depression - Answer: A lot - Gender: all - Age_group: all,34.72943
importance-science-treating-anxiety-depression.csv,,
importance-science-treating-anxiety-depression.csv,,
importance-science-treating-anxiety-depression.csv,,
importance-science-treating-anxiety-depression.csv,,
importance-science-treating-anxiety-depression.csv,,
importance-science-treating-anxiety-depression.csv,,
importance-science-treating-anxiety-depression.csv,,
importance-science-treating-anxiety-depression.csv,,
importance-science-treating-anxiety-depression.csv,,
importance-science-treating-anxiety-depression.csv,,
importance-science-treating-anxiety-depression.csv,,
importance-science-treating-anxiety-depression.csv,,
importance-science-treating-anxiety-depression.csv,,
importance-science-treating-anxiety-depression.csv,,
men-women-friends-family-anxious-depressed.csv,Share - Question: mh6 - Friends/family have been anxious/depressed - Answer: Yes - Gender: male - Age_group: all,
men-women-friends-family-anxious-depressed.csv,Share - Question: mh6 - Friends/family have been anxious/depressed - Answer: Yes - Gender: female - Age_group: all,
men-women-friends-family-anxious-depressed.csv,Population,
men-women-friends-family-anxious-depressed.csv,Continent,Asia
men-women-friends-family-anxious-depressed.csv,,
men-women-friends-family-anxious-depressed.csv,,
men-women-friends-family-anxious-depressed.csv,,
men-women-friends-family-anxious-depressed.csv,,
men-women-friends-family-anxious-depressed.csv,,
men-women-friends-family-anxious-depressed.csv,,
men-women-friends-family-anxious-depressed.csv,,
men-women-friends-family-anxious-depressed.csv,,
men-women-friends-family-anxious-depressed.csv,,
men-women-friends-family-anxious-depressed.csv,,
men-women-friends-family-anxious-depressed.csv,,
mental-health-units-in-general-hospitals.csv,Indicator:Mental health units in general hospitals (per 100 000 population),0.01186
mental-health-units-in-general-hospitals.csv,,
mental-health-units-in-general-hospitals.csv,,
mental-health-units-in-general-hospitals.csv,,
mental-health-units-in-general-hospitals.csv,,
mental-health-units-in-general-hospitals.csv,,
mental-health-units-in-general-hospitals.csv,,
mental-health-units-in-general-hospitals.csv,,
mental-health-units-in-general-hospitals.csv,,
mental-health-units-in-general-hospitals.csv,,
mental-health-units-in-general-hospitals.csv,,
mental-health-units-in-general-hospitals.csv,,
mental-health-units-in-general-hospitals.csv,,
mental-health-units-in-general-hospitals.csv,,
mental-health-units-in-general-hospitals.csv,,
mental-illness-estimated-cases.csv,"Current number of cases of anxiety disorders,486787
mental-illness-estimated-cases.csv, in both sexes aged all ages",439836.56
mental-illness-estimated-cases.csv,"Current number of cases of depressive disorders,17880.188
mental-illness-estimated-cases.csv, in both sexes aged all ages",65942.04
mental-illness-estimated-cases.csv,"Current number of cases of schizophrenia,13171.437
mental-illness-estimated-cases.csv, in both sexes aged all ages",
mental-illness-estimated-cases.csv,"Current number of cases of bipolar disorder,
mental-illness-estimated-cases.csv, in both sexes aged all ages",
mental-illness-estimated-cases.csv,"Current number of cases of eating disorders,
mental-illness-estimated-cases.csv, in both sexes aged all ages",
mental-illness-estimated-cases.csv,,
mental-illness-estimated-cases.csv,,
mental-illness-estimated-cases.csv,,
mental-illness-estimated-cases.csv,,
mental-illness-estimated-cases.csv,,
mental-illnesses-prevalence.csv,Schizophrenia disorders (share of population) - Sex: Both - Age: Age-standardized,0.22320578
mental-illnesses-prevalence.csv,Depressive disorders (share of population) - Sex: Both - Age: Age-standardized,4.996118
mental-illnesses-prevalence.csv,Anxiety disorders (share of population) - Sex: Both - Age: Age-standardized,4.713314
mental-illnesses-prevalence.csv,Bipolar disorders (share of population) - Sex: Both - Age: Age-standardized,0.70302314
mental-illnesses-prevalence.csv,Eating disorders (share of population) - Sex: Both - Age: Age-standardized,0.12770003
mental-illnesses-prevalence.csv,,
mental-illnesses-prevalence.csv,,
mental-illnesses-prevalence.csv,,
mental-illnesses-prevalence.csv,,
mental-illnesses-prevalence.csv,,
mental-illnesses-prevalence.csv,,
mental-illnesses-prevalence.csv,,
mental-illnesses-prevalence.csv,,
mental-illnesses-prevalence.csv,,
mental-illnesses-prevalence.csv,,
number-of-countries-with-primary-data-on-prevalence-of-mental-illnesses-in-the-global-burden-of-disease-study.csv,Number of countries with primary data on prevalence of mental disorders,58
number-of-countries-with-primary-data-on-prevalence-of-mental-illnesses-in-the-global-burden-of-disease-study.csv,,
number-of-countries-with-primary-data-on-prevalence-of-mental-illnesses-in-the-global-burden-of-disease-study.csv,,
number-of-countries-with-primary-data-on-prevalence-of-mental-illnesses-in-the-global-burden-of-disease-study.csv,,
number-of-countries-with-primary-data-on-prevalence-of-mental-illnesses-in-the-global-burden-of-disease-study.csv,,
number-of-countries-with-primary-data-on-prevalence-of-mental-illnesses-in-the-global-burden-of-disease-study.csv,,
number-of-countries-with-primary-data-on-prevalence-of-mental-illnesses-in-the-global-burden-of-disease-study.csv,,
number-of-countries-with-primary-data-on-prevalence-of-mental-illnesses-in-the-global-burden-of-disease-study.csv,,
number-of-countries-with-primary-data-on-prevalence-of-mental-illnesses-in-the-global-burden-of-disease-study.csv,,
number-of-countries-with-primary-data-on-prevalence-of-mental-illnesses-in-the-global-burden-of-disease-study.csv,,
number-of-countries-with-primary-data-on-prevalence-of-mental-illnesses-in-the-global-burden-of-disease-study.csv,,
number-of-countries-with-primary-data-on-prevalence-of-mental-illnesses-in-the-global-burden-of-disease-study.csv,,
number-of-countries-with-primary-data-on-prevalence-of-mental-illnesses-in-the-global-burden-of-disease-study.csv,,
number-of-countries-with-primary-data-on-prevalence-of-mental-illnesses-in-the-global-burden-of-disease-study.csv,,
number-of-countries-with-primary-data-on-prevalence-of-mental-illnesses-in-the-global-burden-of-disease-study.csv,,
perceived-comfort-speaking-anxiety-depression-vs-talked-to-family-friends-when-had-anxiety-depression.csv,Share - Question: mh8c - Talked to friends or family when anxious/depressed - Answer: Yes - Gender: all - Age_group: all,
perceived-comfort-speaking-anxiety-depression-vs-talked-to-family-friends-when-had-anxiety-depression.csv,Share - Question: mh5 - Someone local comfortable speaking about anxiety/depression with someone they know - Answer: Very comfortable - Gender: all - Age_group: all,
perceived-comfort-speaking-anxiety-depression-vs-talked-to-family-friends-when-had-anxiety-depression.csv,Population,
perceived-comfort-speaking-anxiety-depression-vs-talked-to-family-friends-when-had-anxiety-depression.csv,Continent,Asia
perceived-comfort-speaking-anxiety-depression-vs-talked-to-family-friends-when-had-anxiety-depression.csv,,
perceived-comfort-speaking-anxiety-depression-vs-talked-to-family-friends-when-had-anxiety-depression.csv,,
perceived-comfort-speaking-anxiety-depression-vs-talked-to-family-friends-when-had-anxiety-depression.csv,,
perceived-comfort-speaking-anxiety-depression-vs-talked-to-family-friends-when-had-anxiety-depression.csv,,
perceived-comfort-speaking-anxiety-depression-vs-talked-to-family-friends-when-had-anxiety-depression.csv,,
perceived-comfort-speaking-anxiety-depression-vs-talked-to-family-friends-when-had-anxiety-depression.csv,,
perceived-comfort-speaking-anxiety-depression-vs-talked-to-family-friends-when-had-anxiety-depression.csv,,
perceived-comfort-speaking-anxiety-depression-vs-talked-to-family-friends-when-had-anxiety-depression.csv,,
perceived-comfort-speaking-anxiety-depression-vs-talked-to-family-friends-when-had-anxiety-depression.csv,,
perceived-comfort-speaking-anxiety-depression-vs-talked-to-family-friends-when-had-anxiety-depression.csv,,
perceived-comfort-speaking-anxiety-depression-vs-talked-to-family-friends-when-had-anxiety-depression.csv,,
perceived-comfort-speaking-anxiety-depression.csv,Share - Question: mh5 - Someone local comfortable speaking about anxiety/depression with someone they know - Answer: Very comfortable - Gender: all - Age_group: all,31.021803
perceived-comfort-speaking-anxiety-depression.csv,Share - Question: mh5 - Someone local comfortable speaking about anxiety/depression with someone they know - Answer: Somewhat comfortable - Gender: all - Age_group: all,34.817074
perceived-comfort-speaking-anxiety-depression.csv,Share - Question: mh5 - Someone local comfortable speaking about anxiety/depression with someone they know - Answer: Not at all comfortable - Gender: all - Age_group: all,26.631048
perceived-comfort-speaking-anxiety-depression.csv,Share - Question: mh5 - Someone local comfortable speaking about anxiety/depression with someone they know - Answer: Don't know/Refused - Gender: all - Age_group: all,7.5300813
perceived-comfort-speaking-anxiety-depression.csv,,
perceived-comfort-speaking-anxiety-depression.csv,,
perceived-comfort-speaking-anxiety-depression.csv,,
perceived-comfort-speaking-anxiety-depression.csv,,
perceived-comfort-speaking-anxiety-depression.csv,,
perceived-comfort-speaking-anxiety-depression.csv,,
perceived-comfort-speaking-anxiety-depression.csv,,
perceived-comfort-speaking-anxiety-depression.csv,,
perceived-comfort-speaking-anxiety-depression.csv,,
perceived-comfort-speaking-anxiety-depression.csv,,
perceived-comfort-speaking-anxiety-depression.csv,,
psychiatrists-working-in-the-mental-health-sector.csv,Indicator:Psychiatrists working in mental health sector (per 100 000 population),0.2312
psychiatrists-working-in-the-mental-health-sector.csv,,
psychiatrists-working-in-the-mental-health-sector.csv,,
psychiatrists-working-in-the-mental-health-sector.csv,,
psychiatrists-working-in-the-mental-health-sector.csv,,
psychiatrists-working-in-the-mental-health-sector.csv,,
psychiatrists-working-in-the-mental-health-sector.csv,,
psychiatrists-working-in-the-mental-health-sector.csv,,
psychiatrists-working-in-the-mental-health-sector.csv,,
psychiatrists-working-in-the-mental-health-sector.csv,,
psychiatrists-working-in-the-mental-health-sector.csv,,
psychiatrists-working-in-the-mental-health-sector.csv,,
psychiatrists-working-in-the-mental-health-sector.csv,,
psychiatrists-working-in-the-mental-health-sector.csv,,
psychiatrists-working-in-the-mental-health-sector.csv,,
schizophrenia-prevalence-by-age.csv,Schizophrenia disorders (share of population) - Sex: Both - Age: 5-14 years,0.0038796347
schizophrenia-prevalence-by-age.csv,Schizophrenia disorders (share of population) - Sex: Both - Age: 15-19 years,0.06473211
schizophrenia-prevalence-by-age.csv,Schizophrenia disorders (share of population) - Sex: Both - Age: 20-24 years,0.20791313
schizophrenia-prevalence-by-age.csv,Schizophrenia disorders (share of population) - Sex: Both - Age: 25-29 years,0.3395867
schizophrenia-prevalence-by-age.csv,Schizophrenia disorders (share of population) - Sex: Both - Age: 30-34 years,0.4201913
schizophrenia-prevalence-by-age.csv,Schizophrenia disorders (share of population) - Sex: Both - Age: 35-39 years,0.45505062
schizophrenia-prevalence-by-age.csv,Schizophrenia disorders (share of population) - Sex: Both - Age: 40-44 years,0.455918
schizophrenia-prevalence-by-age.csv,Schizophrenia disorders (share of population) - Sex: Both - Age: 45-49 years,0.4362562
schizophrenia-prevalence-by-age.csv,Schizophrenia disorders (share of population) - Sex: Both - Age: 50-54 years,0.40065932
schizophrenia-prevalence-by-age.csv,Schizophrenia disorders (share of population) - Sex: Both - Age: 55-59 years,0.35270664
schizophrenia-prevalence-by-age.csv,Schizophrenia disorders (share of population) - Sex: Both - Age: 60-64 years,0.29689378
schizophrenia-prevalence-by-age.csv,Schizophrenia disorders (share of population) - Sex: Both - Age: 65-69 years,0.23926531
schizophrenia-prevalence-by-age.csv,Schizophrenia disorders (share of population) - Sex: Both - Age: 70+ years,0.14750676
schizophrenia-prevalence-by-age.csv,Schizophrenia disorders (share of population) - Sex: Both - Age: All ages,0.1565848
schizophrenia-prevalence-by-age.csv,Schizophrenia disorders (share of population) - Sex: Both - Age: Age-standardized,0.22320578
schizophrenia-prevalence-males-vs-females.csv,Schizophrenia disorders (share of population) - Sex: Male - Age: Age-standardized,
schizophrenia-prevalence-males-vs-females.csv,Schizophrenia disorders (share of population) - Sex: Female - Age: Age-standardized,
schizophrenia-prevalence-males-vs-females.csv,Population (historical estimates),
schizophrenia-prevalence-males-vs-females.csv,Continent,Asia
schizophrenia-prevalence-males-vs-females.csv,,
schizophrenia-prevalence-males-vs-females.csv,,
schizophrenia-prevalence-males-vs-females.csv,,
schizophrenia-prevalence-males-vs-females.csv,,
schizophrenia-prevalence-males-vs-females.csv,,
schizophrenia-prevalence-males-vs-females.csv,,
schizophrenia-prevalence-males-vs-females.csv,,
schizophrenia-prevalence-males-vs-females.csv,,
schizophrenia-prevalence-males-vs-females.csv,,
schizophrenia-prevalence-males-vs-females.csv,,
schizophrenia-prevalence-males-vs-females.csv,,
schizophrenia-prevalence.csv,Schizophrenia disorders (share of population) - Sex: Both - Age: Age-standardized,0.22320578
schizophrenia-prevalence.csv,,
schizophrenia-prevalence.csv,,
schizophrenia-prevalence.csv,,
schizophrenia-prevalence.csv,,
schizophrenia-prevalence.csv,,
schizophrenia-prevalence.csv,,
schizophrenia-prevalence.csv,,
schizophrenia-prevalence.csv,,
schizophrenia-prevalence.csv,,
schizophrenia-prevalence.csv,,
schizophrenia-prevalence.csv,,
schizophrenia-prevalence.csv,,
schizophrenia-prevalence.csv,,
schizophrenia-prevalence.csv,,
science-helps-a-lot-treating-anxiety-depression-vs-gdp-per-capita.csv,Share - Question: mh3b - How much science helps to treat anxiety or depression - Answer: A lot - Gender: all - Age_group: all,
science-helps-a-lot-treating-anxiety-depression-vs-gdp-per-capita.csv,"GDP per capita,
science-helps-a-lot-treating-anxiety-depression-vs-gdp-per-capita.csv, PPP (constant 2017 international $)",
science-helps-a-lot-treating-anxiety-depression-vs-gdp-per-capita.csv,Population (historical estimates),Asia
science-helps-a-lot-treating-anxiety-depression-vs-gdp-per-capita.csv,Continent,
science-helps-a-lot-treating-anxiety-depression-vs-gdp-per-capita.csv,,
science-helps-a-lot-treating-anxiety-depression-vs-gdp-per-capita.csv,,
science-helps-a-lot-treating-anxiety-depression-vs-gdp-per-capita.csv,,
science-helps-a-lot-treating-anxiety-depression-vs-gdp-per-capita.csv,,
science-helps-a-lot-treating-anxiety-depression-vs-gdp-per-capita.csv,,
science-helps-a-lot-treating-anxiety-depression-vs-gdp-per-capita.csv,,
science-helps-a-lot-treating-anxiety-depression-vs-gdp-per-capita.csv,,
science-helps-a-lot-treating-anxiety-depression-vs-gdp-per-capita.csv,,
science-helps-a-lot-treating-anxiety-depression-vs-gdp-per-capita.csv,,
science-helps-a-lot-treating-anxiety-depression-vs-gdp-per-capita.csv,,
share-who-report-lifetime-anxiety-or-depression.csv,Share - Question: mh7a - Have been anxious/depressed - Answer: Yes - Gender: all - Age_group: all,19.692047
share-who-report-lifetime-anxiety-or-depression.csv,,
share-who-report-lifetime-anxiety-or-depression.csv,,
share-who-report-lifetime-anxiety-or-depression.csv,,
share-who-report-lifetime-anxiety-or-depression.csv,,
share-who-report-lifetime-anxiety-or-depression.csv,,
share-who-report-lifetime-anxiety-or-depression.csv,,
share-who-report-lifetime-anxiety-or-depression.csv,,
share-who-report-lifetime-anxiety-or-depression.csv,,
share-who-report-lifetime-anxiety-or-depression.csv,,
share-who-report-lifetime-anxiety-or-depression.csv,,
share-who-report-lifetime-anxiety-or-depression.csv,,
share-who-report-lifetime-anxiety-or-depression.csv,,
share-who-report-lifetime-anxiety-or-depression.csv,,
share-who-report-lifetime-anxiety-or-depression.csv,,
share-who-say-its-extremely-important-for-the-national-government-to-fund-research-on-anxietydepression.csv,Share - Question: mh4b - Important for national government to fund research on anxiety/depression - Answer: Extremely important - Gender: all - Age_group: all,54.02554
share-who-say-its-extremely-important-for-the-national-government-to-fund-research-on-anxietydepression.csv,,
share-who-say-its-extremely-important-for-the-national-government-to-fund-research-on-anxietydepression.csv,,
share-who-say-its-extremely-important-for-the-national-government-to-fund-research-on-anxietydepression.csv,,
share-who-say-its-extremely-important-for-the-national-government-to-fund-research-on-anxietydepression.csv,,
share-who-say-its-extremely-important-for-the-national-government-to-fund-research-on-anxietydepression.csv,,
share-who-say-its-extremely-important-for-the-national-government-to-fund-research-on-anxietydepression.csv,,
share-who-say-its-extremely-important-for-the-national-government-to-fund-research-on-anxietydepression.csv,,
share-who-say-its-extremely-important-for-the-national-government-to-fund-research-on-anxietydepression.csv,,
share-who-say-its-extremely-important-for-the-national-government-to-fund-research-on-anxietydepression.csv,,
share-who-say-its-extremely-important-for-the-national-government-to-fund-research-on-anxietydepression.csv,,
share-who-say-its-extremely-important-for-the-national-government-to-fund-research-on-anxietydepression.csv,,
share-who-say-its-extremely-important-for-the-national-government-to-fund-research-on-anxietydepression.csv,,
share-who-say-its-extremely-important-for-the-national-government-to-fund-research-on-anxietydepression.csv,,
share-who-say-its-extremely-important-for-the-national-government-to-fund-research-on-anxietydepression.csv,,
stand-alone-policy-or-plan-for-mental-health.csv,Indicator:Stand-alone policy or plan for mental health,Yes
stand-alone-policy-or-plan-for-mental-health.csv,,
stand-alone-policy-or-plan-for-mental-health.csv,,
stand-alone-policy-or-plan-for-mental-health.csv,,
stand-alone-policy-or-plan-for-mental-health.csv,,
stand-alone-policy-or-plan-for-mental-health.csv,,
stand-alone-policy-or-plan-for-mental-health.csv,,
stand-alone-policy-or-plan-for-mental-health.csv,,
stand-alone-policy-or-plan-for-mental-health.csv,,
stand-alone-policy-or-plan-for-mental-health.csv,,
stand-alone-policy-or-plan-for-mental-health.csv,,
stand-alone-policy-or-plan-for-mental-health.csv,,
stand-alone-policy-or-plan-for-mental-health.csv,,
stand-alone-policy-or-plan-for-mental-health.csv,,
stand-alone-policy-or-plan-for-mental-health.csv,,
